title,channel_name,daily_rank,daily_movement,weekly_movement,snapshot_date,country,view_count,like_count,comment_count,description,thumbnail_url,video_id,channel_id,video_tags,kind,publish_date,langauge
[나는 선생님과 결혼했다] (4/15) [인간극장/Screening Humanity] | KBS 240116 방송,KBS HUMAN: 뭉클티비,23,-7,27,2024-01-19,KR,178390,1351,72,"[나는 선생님과 결혼했다] (4/15) [인간극장/Screening Humanity]
담임선생님으로 만난 며느리",https://i.ytimg.com/vi/TlPf4OS0BP8/mqdefault.jpg,TlPf4OS0BP8,UC6wiUwl7dPhZOAM92lGgKPg,"휴먼다큐, 휴먼다큐멘터리, 가족, 사랑, 우정, 친구, kbs, kbs human, kbs 휴먼, 뭉클티비, Screening Humanity",youtube#video,2024-01-16 00:00:00+00:00,ko
Steal A Brainrot NEW BRAINROTS!!,Foltyn,39,11,11,2025-08-31,KW,625628,11846,2173,"Welcome to the Live Stream everyone! 
Hope you all enjoy the Stream and don't forget to hit that Like and Sub Button! 

FOLTYN FAMILY STORE: https://foltyn.shop/

Become a Member Of The Channel: https://www.youtube.com/channel/UCRkuUgtDAL4XSU5jB40J_wA

Join my Discord: https://discord.gg/T6m79CRzQn

Roblox Group: https://www.roblox.com/groups/11775558/Foltyns-Family#!/about",https://i.ytimg.com/vi/Z2Cr68YU31Q/mqdefault.jpg,Z2Cr68YU31Q,UCRkuUgtDAL4XSU5jB40J_wA,"foltyn, foltyn live, foltyn family, foltyn roblox, roblox foltyn, foltyn blade ball, roblox, funny, no swearing, foltyn family roblox, roblox foltyn family, foltynfamily, kid friendly, kreekcraft, foltyn reacts, roblox steal a brainrot, steal a brainrot in roblox, steal a brainrot concert, steal a brainrot, steal a brainrot admin abuse, roblox steal a brainrot admin abuse, steal a brainrot using admin commands, admin comands steal a brainrot, 0- $100 Billion in Steal a Brainrot..",youtube#video,2025-08-30 00:00:00+00:00,en-US
¿Podemos Quebrar los Retrovisores del Coche en Todos los GTA?,gta2025,36,0,-15,2025-07-08,SV,3537518,252942,646,#shorts #gta5 #gtav #gta2025 #zeemods #gta6 COCHES a SUPER COCHES en GTA 5 1 BALA vs 1000 PERSONAS en GTA 5 TODO lo que TOCO se CONVIERTE en ORO en GTA 5 ABRIENDO SUPER LUCKY BLOCKS en GTA 5 TODO lo que TOCO se CONVIERTE en ORO en GTA 5 Viajando al ESPACIO en GTA 5 Jugando GTA 5 Sin Romper Ninguna Ley ME TRANSFORMO en el HOMBRE Mas Fuerte de GTA 5 GTA 5 Pero TODO CUESTA $1 Esto PASA si VIAJAS en el TIEMPO en GTA 5 Vista Gamer vs 10 ASESINOS en GTA 5 PASO de POBRE a MILLONARIO en GTA 5 Jugando GTA 5 con TODOS los MODS GTA 5 PERO a Cada MINUTO es MAS REALISTA Jugando GTA 5 Sin Romper Ninguna Ley Jugando con TODOS los ANIMALES en GTA 5 Cosas que NO CONOCIAS de GTA 5 - Grand Theft Auto V SI TE RIES PIERDES (9999.9% DIFICIL) NIVEL GTA 5 y GTA SAN ANDREAS 21 Cosas que NO Tienen Sentido en GTA 5 ¿Qué Pasa si le ROBAS al PRESIDENTE en GTA 5? RETOS DIFICILES EN GTA 5 RETOS IMPOSIBLES EN GTA 5 Le ROMPO TODOS los HUESOS a FRANKLIN en GTA 5 15 Cosas Que DEBERIAS HACER en GTA 5 15 Cosas Que DEBERIAS HACER en GTA 5 ROBANDO COCHES del ÁREA 51 en GTA 5! (Mods) Robando un Mega Banco en GTA 5 GTA V - MOMENTOS DIVERTIDOS EN PRIMERA PERSONA (GTA 5) Fernanfloo Como Unirse a La BANDA de Grove Street en GTA 5 Cazando 30 Mitos en GTA 5 Resolví 50 Mitos de GTA 5! (Misterios) Resolví 50 Mitos de GTA 5! (Misterios) Resolví 13 Mitos en GTA 5 10 Misterios Sin Resolver de GTA 5 Desmentí 100 Mitos de GTA 5 !! ¿Qué PASA si Hay un TSUNAMI en GTA 5? Grand Theft Auto V - GTA V Mods gta 5 misterios 8 Misterios Sin Resolver de GTA 5 misterios de gta 5 misterios de gta 5 12 Misterios poco conocidos de GTA 5 Los Misterios más Aterradores de GTA 5 misterios de gta 5 misterios de gta v trucos de gta 5 GTA 5 - ACTIVANDO TRUCOS CON EL MÓVIL - GTA 5 Phone Cheats 2020 TRUCO de DINERO INFINITO en GTA 5 Modo Historia - 100% Facil y Rapido! 11 Cosas que todavia no conoces de GTA V curiosidades de gta 5 loquendo zee mods +30 Minutos de Datos Inútiles sobre GTA 5 (Recopilación Completa) 30 Datos increíbles de GTA 5 30 Curiosidades de las Misiones de GTA 5 100 Curiosidades de Todas las Misiones de GTA 5 (Resubido) 30 Curiosidades de las Misiones de GTA 5 #2 GTA V - 150 CURIOSIDADES DE LAS MISIONES 10 Cosas Exclusivas de las Misiones del GTA 5 Rompí 10 Récords Mundiales en GTA 5! (GTA V) 8 Edificios Secretos en los que Puedes Entrar Libremente en GTA 5 gta 5 pero todo lo que dibujo cobra vida CÁRCEL DE $1 vs CÁRCEL MILLONARIA en GTA 5 (MODS) - ElChurches ME TRANSFORMO en el HOMBRE Mas Fuerte de GTA 5 7 Cosas que Nadie Notó de GTA San Andreas Jugando GTA 5 pero TODO CUESTA $1 ¿Qué Pasa si Matas al PRESIDENTE en GTA 5? Resolví 30 Mitos de GTA 5 34 Detalles Hiperrealistas de GTA 4 GTA IV Resolví 5 Mitos en GTA 5 #shorts #gta5 #gtaonline #funny #gtav #gta4 #gtaiv 5 Datos sobre la Policia de GTA 5 8 Cosas que Hacer si te Aburres en GTA San Andreas,https://i.ytimg.com/vi/9ZV48PlGFjE/mqdefault.jpg,9ZV48PlGFjE,UCi1Tln5CFg1yExpz8djyxjA,,youtube#video,2025-06-26 00:00:00+00:00,en
Oseikrom Sikanii - Daddy ft. Lasmid (Official Audio),Oseikrom Sikanii,47,-1,3,2025-12-09,GH,7403,620,78,"‘Daddy' featuring Lasmid out now. 
Produced by KellyWTF


Stream here:  https://onerpm.link/Oseikrom-Daddy

Connect with me: 

Instagram: https://www.instagram.com/oseikromsikanii_1/
Twitter: https://twitter.com/sikaniioseikrom
Facebook: https://www.facebook.com/sikaniioseikrom
Tik Tok: https://www.tiktok.com/@oseikromsikanii_11

#OseikromSikanii  #Lasmid #Daddy",https://i.ytimg.com/vi/eL1rFiLqbgc/mqdefault.jpg,eL1rFiLqbgc,UC1_Gpik1bf9HAFQLKhksVZQ,,youtube#video,2025-12-05 00:00:00+00:00,und
The Girl Took Her Shoes Off And Flew.#shorts,Robot Movie,14,19,36,2024-02-09,SG,12046588,402184,1401,"#shorts #adventure #fantasy #drama 
Movie Name:Miss Peregrine's Home for Peculiar Children

Summary:When Jacob (Asa Butterfield) discovers clues to a mystery that stretches across time, he finds Miss Peregrine's Home for Peculiar Children. But the danger deepens after he gets to know the residents and learns about their special powers.

Director
Tim Burton
Writers
Ransom Riggs,Jane Goldman
Stars
Eva Green,Asa Butterfield,Samuel L. Jackson




May excellent movies be seen by more people. 
Don't forget to subscribe!
- Stay for more fun!",https://i.ytimg.com/vi/jAcpekw2t_Y/mqdefault.jpg,jAcpekw2t_Y,UC6e_-lmTbfK-KNDrZbaS7nA,"movie, drama, adventure, fantasy, shorts",youtube#video,2024-02-02 00:00:00+00:00,en
IMPOSSIBLE LEGO builds...,TD BRICKS,49,-9,1,2025-04-09,PG,2516665,35991,2782,"Submit a banger video idea here: https://forms.gle/GXK3uwLSuGKPEJzc9

To see what I do behind the scenes or outside my videos, follow me on Instagram

📸 Channel Instagram: https://www.instagram.com/tdbricks_/
📸 Personal Instagram: https://www.instagram.com/tylerhartlauer/
📱Tik Tok: tiktok.com/@td_the_creator
✉️ Email for business reasons: td.brickz@gmail.com

Credits:
Non copyright music from Epidemic Sound: https://share.epidemicsound.com/c3oiyn
Outro song from NBHD Nick: https://linktr.ee/nbhdnick 

Frequently asked questions:
Where do I get my Lego?
- Bricklink.com, Lego Store
How do I make my videos?
- To edit, I use Final Cut Pro X. To film, I use a Canon EOS R8 and my iPhone. To record my voice, I use a RODE VideoMic Go.
Do I have instructions for my Lego builds?
- I sadly don’t
What do I do with my Lego builds after a video is finished?
- I usually have to take them apart to use for the next Lego build I make",https://i.ytimg.com/vi/la-xfa8Byfw/mqdefault.jpg,la-xfa8Byfw,UCUU3GdGuQshZFRGnxAPBf_w,"lego, legos, lego build, lego builder, impossible, impossible lego builds, satisfying, satisfying lego, lego city, lego movie, lego tutorial",youtube#video,2025-04-05 00:00:00+00:00,en
"Obojene kuharice, izmišljene deklaracije, tužni roditelji i smešni TikTok izazovi | ep361deo03",24 minuta sa Zoranom Kesićem - Zvanični kanal,26,-17,24,2025-02-20,ME,432615,8386,1411,"Batrganje se nastavlja. Obojene kuharice, izmišljene deklaracije, tužni roditelji i smešni TikTok izazovi

24 minuta sa Zoranom Kesićem - 361. epizoda, 3. deo

24 minuta na instagramu: https://www.instagram.com/24minuta 
Zoran Kesić na instagramu: https://www.instagram.com/zorankesickesa 
Njuz na instagramu: https://www.instagram.com/njuznet
Njuz na YT: @NjuzNetTV",https://i.ytimg.com/vi/pa8OFrUGClI/mqdefault.jpg,pa8OFrUGClI,UCRPJxt_popozF_ppRAvVcZw,"24 minuta, Zoran Kesic, 24 minuta sa Zoranom Kesićem",youtube#video,2025-02-15 00:00:00+00:00,sr
Компот знает все ИТАЛЬЯНСКИЕ МЕМЫ,ЛогикЛаб #2,16,0,34,2025-04-19,KZ,1372821,29534,50,Кто знает все ИТАЛЬЯНСКИЕ МЕМЫ ? #shorts Roblox,https://i.ytimg.com/vi/rp1CEDewSiM/mqdefault.jpg,rp1CEDewSiM,UCg0eD2lFVOkXA5GC5eNAusw,,youtube#video,2025-04-16 00:00:00+00:00,ru
IVE 아이브 'BLACKHOLE' MV,STARSHIP,34,-30,16,2026-02-27,PH,6769773,264469,17404,"STARSHIP SQUARE (Domestic) : https://bit.ly/3HtQ7GF
STARSHIP SQUARE (Global) : https://bit.ly/4i5Dl1g
IVE US EXCLUSIVE STORE : https://shop.ive-starship.com/  

IVE X (Twitter)
: https://twitter.com/IVEstarship
: https://twitter.com/IVE_twt
: https://twitter.com/IVEstarship_JP
IVE Instagram : https://instagram.com/IVEstarship
IVE Facebook: https://fb.me/IVEstarship 
IVE Berriz: https://berriz.in/ko/IVE
IVE TikTok: https://www.tiktok.com/@ive.official
IVE Weibo: https://weibo.com/ivestarship

#IVE #아이브 #アイヴ",https://i.ytimg.com/vi/1Lmy7qwmSMc/mqdefault.jpg,1Lmy7qwmSMc,UCYDmx2Sfpnaxg488yBpZIGg,,youtube#video,2026-02-23 00:00:00+00:00,ko
Magic boy.,BEN EAGLE,31,-1,2,2024-12-25,KE,51104491,745795,1117,"Mình là người Việt Nam.
Cảm ơn các bạn đã ủng hộ kênh của mình nha.
Hãy đăng ký kênh để xem những video thú vị mỗi ngày nhé.
Hãy LIKE + BÌNH LUẬN + CHIA SẺ giúp mình nhé.
Niềm vui của các bạn chính là hạnh phúc của mình.
Yêu tất cả các bạn!!!
————————————
I am Vietnamese.
Thank you for supporting my channel.
Subscribe to the channel to watch interesting videos every day.
LIKE + SHARE + COMMENT
Your smile is my happiness.
Love you all!!!
___BEN EAGLE___
#beneagle #eaglesacademy #masterbeneagle #vothuatdienanh #vothuat #hanhdong #tuve #masterkungfu #haihuoc #tuvethucchien #dienxuat #action #funny #shortfilm #actionfilm #kungfu #selfdefence #fighting #combat #martialarts #trending #shorts #heroic #superhero #cookman #kingofkungfu #comedy #acting #actionactor #actiondirector #actionmovie",https://i.ytimg.com/vi/uw29kSk7H8M/mqdefault.jpg,uw29kSk7H8M,UCbGPgvNunvclTypPtL3sa0w,"ben eagle, eagles, võ thuật điện ảnh, huấn luyện võ thuật điện ảnh, cascadeur, võ thuật, võ hiện đại, diễn viên hành động, ngôi sao võ thuật, trung tâm võ, học võ, tự vệ, eagle, shorts, ben eagle vn, lớp dạy võ, siêu nhân, phim hanh dong vo thuat, phim võ thuật, eagles academy, tiktok, master ben eagle, beneagle, ben eagle movie, ben eagle shorts, ben eagle tiktok, nhào lộn đường phố, tik tok, spider-man, sê lốc huy, skibidi toilet, minecraft, cartoon, youtube, ben eagle official",youtube#video,2024-12-13 00:00:00+00:00,en
小路飞还不知道他把路飞给擦没有了 #路飞#海贼王,路飞与唐舞桐,8,15,42,2024-11-07,MD,67181743,928745,340,"装扮海贼王角色，以动漫人设演绎现代搞笑剧情，油管的伙伴们大家好!
我是路飞与唐舞桐，正式入驻油管了，此频道唯一授权频道
其他频道皆为盗版，打击盗版，从我做起~
海贼王粉丝千千万，路飞家的占一半
装扮海贼王角色，以动漫人设演绎现代搞笑剧情
每天带给你们开心快乐 ，要记得准时收看我的影片
哦!
赶紧订阅，路飞与唐舞桐在等你~
本频道制作的所有视频都符合平台的使用政策，没有任何违规行为
我们的视频制作团队会特别关注儿童的安全需求，确保内容不会对其造成任何危害",https://i.ytimg.com/vi/ltfmFFQk9-4/mqdefault.jpg,ltfmFFQk9-4,UCQPMKK3ZuDep5FaCUJQYzQA,"路飞与唐舞桐, 动漫人设, 现代搞笑剧情, 海贼王角色装扮, 海贼王粉丝, 日常幽默, 漫画改编, 动漫文化, 二次元世界, 漫迷交流, 角色扮演, 剧情解析, 粉丝互动, 动漫推荐, 漫画爱好者, 动画创作, 角色分析, 二次元幽默, 动漫娱乐, 漫画角色, 文化传播, 创意演绎, 网络红人, 动漫角色讨论",youtube#video,2024-10-28 00:00:00+00:00,zh
"Xavi, Fabio Capri - Tu Casi Algo (Official Video)",Xavi Oficial,17,-4,33,2024-11-10,NI,528938,47570,3342,"Escúchala en todas las plataformas: https://xaviofficial.lnk.to/NEXT/ 
 
Sigue a Xavi:
Instagram: https://www.instagram.com/xaviiiofficiall/
TikTok: https://www.tiktok.com/@xaviiiofficial
Facebook: https://www.facebook.com/share/1TRGSeXUKe/?mibextid=LQQJ4d 

Sigue a Fabio Capri:
Instagram: https://www.instagram.com/fabiiocapri
TikTok: https://www.tiktok.com/@fabiocapri
Facebook: https://www.facebook.com/xaviiiofficiall
 
Lyrics:
 
Ya no llames al phone 
Deja de estar jediéndome la vida mas 
Búscate otro cobrón 
Y te paso una feria, si te topas otro wey mejor que yo 
Pero sabes que no oh
 
Túmbate el rollo 
Ya conozco tus mañas 
Tienes mucha labia, pero todas me las se 
Pa que seguir fingiendo 
Que aún nos amamos 
Cuando esto nunca fue 
Nomás un casi algo
 
Ni modo, baby ya no te topo 
Te toca extrañar lo que perdiste
Ya te fuiste, porfa hazme un paro
 
En corto, mami borra las fotos 
Que yo ya te borré completamente 
De mi vida y se retira 
Tu casi algo
Tu casi todo
Tu casi siempre
 
Tu Ya ni modo
 
Tu casi algo
 
Túmbate el rollo 
Ya conozco tus mañas 
Tienes mucha labia pero todas me las se 
Pa’ que seguir fingiendo 
Que aún nos amamos 
Cuando eso nunca fue 
Nomás un casi algo
 
Ni modo, baby ya no te topo 
Te toca extrañar lo que perdiste ya te fuiste, porfa hazme un paro
 
En corto, mami borra las fotos 
Que yo ya te borré completamente
De mi vida y se retira
Tu casi algo
Tu casi todo
Tu casi siempre
 
Tu ya ni modo
 
Tu casi algo
 
#Xavi #FabioCapri #NEXT #TuCasiAlgo",https://i.ytimg.com/vi/L6UKdcTzsHo/mqdefault.jpg,L6UKdcTzsHo,UCx0lY_L_o5vFPQaLAdBasmQ,"Xavi, Fabio, Fabio Capri, Next, Tu Casi Algo",youtube#video,2024-11-08 00:00:00+00:00,es-MX
Making Katniss’s Fire Dress! 🔥 featuring my parents lighting me on fire,Crescent Shay,30,-14,20,2024-04-09,GR,11956554,884422,1311,,https://i.ytimg.com/vi/VJdnJqPjXs4/mqdefault.jpg,VJdnJqPjXs4,UCK4_MNKAJ_9K5Bsi-3-S8VA,,youtube#video,2024-04-01 00:00:00+00:00,en
"Bruce Melodie - Pom Pom (Official Video) ft.  Diamond Platnumz , Brown Joel ",Bruce Melodie,16,10,34,2026-01-03,TZ,605009,44818,7327,"Artist Name: Bruce melodie 
Featured Artist : Diamond platnumz , Brown Joel  
Song Title: POM POM
Writers (Full Legal Names): Brice Itahiwacu (Bruce Melodie) ;Naseeb
Abdul Juma (Diamond  platnumz) , Agubosim Favour Brown (Brown Joel)
Producer(s): C-Tea Beat 
Mixing Engineer: C-Tea Beat
Mastering Engineer: C-Tea Beat
Executive producer: 1:55 AM",https://i.ytimg.com/vi/hC1lSNjADxc/mqdefault.jpg,hC1lSNjADxc,UCbp-tIRMJP4SwLjYlJCrolA,,youtube#video,2026-01-01 00:00:00+00:00,en
"DIE TOGETHER (New Movie) Maurice Sam, Sonia Uche 2024 Nollywood Romance Movie",Uche Nancy tv,5,6,21,2024-07-28,GH,2203410,36113,4459,"DIE TOGETHER (New Movie) Maurice Sam, Sonia Uche 2024 Nollywood Romance Movie

SUBSCRIBE NOW https://www.youtube.com/channel/UCzKrLr1ZD1uds-7c7vaSjVA?sub_confirmation=1

Get ready to be entertained...

SUBSCRIBE NOW https://www.youtube.com/channel/UCzKrLr1ZD1uds-7c7vaSjVA?sub_confirmation=1

Welcome to Uche Nancy YouTube Channel. 
Stream and Enjoy Best of Nollywood Movies with your favourite artists here on Uche Nancy TV YouTube channel. 
SUBSCRIBE NOW to stay updated on all latest Nollywood movies.

Kindly LIKE & FOLLOW OUR NEW FACEBOOK PAGE https://web.facebook.com/100085620411212
FOLLOW ON TikTok https://www.tiktok.com/@uchenancytv

Click here 👇🏿 to SUBSCRIBE NOW 
https://www.youtube.com/channel/UCzKrLr1ZD1uds-7c7vaSjVA?sub_confirmation=1

DO NOT FORGET TO HIT THE NOTIFICATION 🔔 BELL ICON to STAY NOTIFIED ON ALL OUR NEW MOVIES.

#Nigerianmovies​​ ​​#Nollywoodmovies #Latestmovies​​ 
#2024movies #dietogether #mauricesam #soniauche
#uchenancytv #chinenyennebe",https://i.ytimg.com/vi/0BvfMIebkeM/mqdefault.jpg,0BvfMIebkeM,UCzKrLr1ZD1uds-7c7vaSjVA,"nigerian movies, nigerian films, african movies, die together nigerian movie, uche nancy tv, die together, nigerian movies 2024 latest full movies, new nigerian movies 2024 latest full movies, african movies 2024, nollywood movies, top nollywood movie, nigerian movie 2024, 2024, free nigerian movie, romantic, new nigerian movies 2024, new movie, romantic movie, victory michael, maurice sam, sonia uche",youtube#video,2024-07-14 00:00:00+00:00,en
LISA - ROCKSTAR (Official Music Video),LLOUD Official,1,2,49,2024-06-29,NI,40454282,3894122,349946,"Stream LISA's single 'Rockstar' now: http://LISA.lnk.to/ROCKSTAR

Follow LISA:
http://www.instagram.com/lalalalisa_m
https://www.tiktok.com/@lalalalisa_m
https://www.youtube.com/@lalalalisa_m?sub_confirmation=1

Follow WeAreLLOUD:
http://www.instagram.com/wearelloud
https://www.tiktok.com/@wearelloud
http://www.facebook.com/wearelloud
https://www.youtube.com/@wearelloud/videos?sub_confirmation=1


Credits:
Artist - Lisa @lalalalisa_m
Label – Lloud Co. @wearelloud / RCA Records @rcarecords
Commissioner / Producer: Camille Yorrick
Artist Management - LLoud - @wearelloud
 
Director: Henry Scholfield @hscholfield
 
Production Company: Academy Films @academyfilms
MD / Producer: Medb Riordan @medbriordan
Production Manager: Lexi Kiddo @lexi.kiddo
Production Coordinator: Mali Davies @malmalade
Music Video Rep: Nicole O’ Connell @hart_represents
 
DOP: Mauro Chiarello @mauro.chiarello
1st AD: Oleksii Smoliar @oleksiismoliar
 
Choreography: Sean Bankhead @itsbankhead
Assistant Choreographer: Tacir Roberson @tacir.r
 
Service Company Thailand - TAPROD @taprodgroup
Service Company EP - Louis Ditapichai
Service Company EP - Christophe Guyot
Producer - Air Thidatip @thidatip_air
PM - Kornlapas Sawasdee
Production Coordinator: Piraporn Taechasawadinan
Production Assistant: Nongnapat Matrvichite
Production Assistant: Porntipa Somphum
Production Assistant: Papachaya Vongprommool
Travel Coordinator: Narisara Sapanan
Production Runner: Weerasak Kala
 
Thailand 1st AD: Piyaluk Preecha
Thailand 1st AD: Nada Nakata
Thailand 2nd AD: Kawita Nunthakunatip
 
Focus Puller: Nattapong Phamon
1st AC: Pongthep Janphophan
2nd AC: Aissara Kongsuk
2nd AC: Nuttakit Tanadnangsue
DIT: Nitiwat Jettana    
Steadicam Operator: Watcharawit Ya-Inta
Key Grip: Manop Pitichokjinda
Gaffer: Surachet Thongmee
Playback Operator: Worawit Pikulthong
 
VFX Supervisor: Denis Reva @thatsdeemoney
 
Art Director: Pongsan Thawatwichian @spor_1974
Asst. Art Director: Nimit Somboonsiri
Prop Master: Nontakron Jankaw
Prop Man: Akarawat Nudnum
 
Styling: Georgia Pendlebury @georgia.pendlebury
Lisa Personal Stylist: Nista Permpoon @nanist
Styling Assistant: Aniello Luca Migliaro @lukawaii
Styling Assistant: Loti Pascucci @lotipascucci
Lisa Make-up Artist: Myungsun Lee 
Make-up Assistant: Yuri Choi
Lisa Hair Stylist: Hyeyeon Jang
Hair Stylist Assistant: Jieyoon Cho
Nail Tech: Nathotsaphorn Murada
Seamstress: Parn-Inn Punpiang
 
Casting: Ploenpit Jermjutitham
 
Core Dancers: Aurn, Aru, Bhee, BM, Fee, Khing, Minnie, Momile, Nida, Tangmay
 
Cast Styling: Phuwanet Phumithawon @pphumi
Cast Make Up Artist: Hathairat Srivilai (Kai)
Cast Hair Stylist: Thanon Songsil (Keng)
 
Location Manager: Ekthanat Sawasdee
Unit Manager: Nonnawat Kongnithipyravanich
 
Edit: Cabin @cabinedit
Editor: Nik Kohler @nik.kohler_
Edit Producer: Joanna Dawson
Edit EP: Kayt Hall
Assistant Editors - Sabra Stratton, Victoria Man, Craig Griffiths, Julie Levy
 
VFX / Colour: Black Kite Studios @blackkitestudios
Post-Production Executive Producer: Amy Richardson
Senior Producer: Alizée Levrino
Colourist: Tom Mangham @thomasmangham 
VFX Lead: Jack Stone
VFX Artists: Alfie Gunther, Anastasios Agiakatsikas, Aurélien Lemonnier, Claudio Jarrao, Dan Moore, David Birkill, Ethan Francis, Itay Greenberg, James Marshall, Laurence Lavoie, Leonie Wong, Matt Hutchins, Matt Jackson, Mauro Nodari, Miguel Carballal, Nile Hylton, Pablo Oliver
 
BTS: David Malave @davemalave

#LISA #ROCKSTAR",https://i.ytimg.com/vi/hbcGx4MGUMg/mqdefault.jpg,hbcGx4MGUMg,UC6-BgjsBa5R3PZQ_kZ8hKPg,"Blackpink, Lisa, Music, Fashion, K-Pop, kpop, LLoud, dance, dancing, Thailand, Lalisa, Lalisa love me, Money Dance challenge, BLINKs, BLACKPINK Lisa, Lisa of BLACKPINK",youtube#video,2024-06-28 00:00:00+00:00,en
Cheb Amine tigre ft Hamouda Maradon | Allah Ghaleb 3liya - تالبونا حتى فالابتسامة | © Clip officiel,Edition Babylone,20,-9,30,2025-07-01,DZ,328289,5571,150,"Cheb Amine tigre ft Hamouda Maradon | Allah Ghaleb 3liya - تالبونا حتى فالابتسامة | © Clip officiel

Arrangements & Bass: Hamouda Maradon 
• Parole & music: Amine tigre 
• Mix: Smail benz
• Parc: saadawa 
• Réalisation: Teros 22
• Studio: Rio Salado 
• Production:Edition Babylone ( Zouaoui / Kader )
#objectif_10k_jaime_merci   #الاغاني_الجزائرية    
#trapdz 
     ~~~
Facebook :
https://www.facebook.c...
Instagram :
https://instagram.com/...
TikTok :
editionbabylone
 
     ~~~
اي نسخة محمولة يتم التبليغ و لن نتراجع عنها 
جميع الحقوق محفوظة ©
All rigt reserved 
Tous droits réservés Edition Babylone
⚠️⚠️ (Attention:Tous droits réservés ) ⚠️⚠️",https://i.ytimg.com/vi/r8gxqele1wI/mqdefault.jpg,r8gxqele1wI,UCP26F6huKsiMWi_2LdL4uyA,"#100k_jaime, #موسيقىـجزائرية, #Allah_ghaleb_3liya, #تالبوناـحتىـفالإبتسامة",youtube#video,2025-06-26 00:00:00+00:00,fr
TODOS VIENEN A POR MÍ | Granny Uptopian,Iker Unzu,27,-21,23,2025-12-22,PY,1235265,60435,2989,"Todos los enemigos MÁS FAMOSOS del canal me quieren matar: El Heladero Maldito y sus Pelotudineons, La Monja Maldita, Los Gemelos, Granny Remake... Y OBVIAMENTE NO PUEDEN FALTAR LA GRANOLA NI EL GRANOLO !! Podremos escapar sanos y salvos?!

► Mi Libro: https://www.planetadelibros.com/libro-la-invasion-de-las-madreszombi/418120

► DISCORD: https://discord.gg/J82C24KZuN

✸ Si quieres hacerte miembro del canal:
https://www.youtube.com/ikerunzu/join

► Mis otros canales:
✸ Iker Unzu Shorts: https://www.youtube.com/channel/UCqQqlX6A1t-zSWkouSPK-XA
✸ Iker Unzu Podcast: https://www.youtube.com/channel/UCjw2jVWf-xkQM5ccQ5GAxmQ

► Podcast:
✸ Spotify: https://open.spotify.com/show/5ci7jly...​
✸ Apple: https://podcasts.apple.com/es/podcast/iker-unzu/id1547543193?l=en
(y muchas otras plataformas)

► Instagram: https://www.instagram.com/iker.unzu/?...​
► TikTok: https://www.tiktok.com/@ikerunzu?lang...​
► Twitter: https://twitter.com/unzuiker​

os amoooo,
- iker unzu",https://i.ytimg.com/vi/IrTuJOVsNU8/mqdefault.jpg,IrTuJOVsNU8,UCQW8tWGYajwUv6jdQ2kmsRw,"iker unzu, iker tiktok, iker unzu tiktok, iker, comedia, sketches de comedia, iker comedia",youtube#video,2025-12-20 00:00:00+00:00,es
"Ты не поверишь, как сделали Горо в Мортал Комбате 1995! Это не графика!",Мик,49,-4,1,2025-04-15,NL,2001709,45974,1008,"В 1995 году, когда про CGI почти никто не знал, создатели фильма Mortal Kombat решили сделать Горо — четырёхрукого монстра — реальной куклой-аниматроником. Его рост — 2,5 метра, а управляли им сразу 13 человек! Это был настоящий технический вызов: механика, жар, поломки на съёмках — всё ради того, чтобы он выглядел как живой.
Узнай, как создавали Горо без компьютерной графики, и почему он до сих пор выглядит круче, чем многие современные CGI-монстры!

#MortalKombat #Горо #Goro #МорталКомбат #BehindTheScenes #CineMagic #Аниматроника #90sMovies #ПрактическиеЭффекты #VFX #Фильмы90х #GoroMortalKombat",https://i.ytimg.com/vi/RMOneQR7Lo4/mqdefault.jpg,RMOneQR7Lo4,UC38e6gP0q8GVSbDSdhtBw4w,"Mortal Kombat, Goro, Горо, Мортал Комбат, создание Горо, как снимали Mortal Kombat, закулисье Mortal Kombat, аниматроника, спецэффекты 90-х, практические эффекты, фильмы 90-х, behind the scenes, Goro Mortal Kombat 1995, спецэффекты Mortal Kombat, practical effects, кино без графики, Mortal Kombat movie, Mortal Kombat 1995, аниматроника в кино, культовые фильмы 90-х, practical effects movies, старые спецэффекты, Mortal Kombat история, съемки Mortal Kombat, кукольные эффекты",youtube#video,2025-04-06 00:00:00+00:00,ru
Жириновский предсказывает сценарий своих похорон,Россия 90х,50,-4,0,2024-03-02,MD,3362393,53137,602,"Смотреть другие выпуски: https://www.youtube.com/playlist?list=PLdA2Zf4J7kGN6SeA_q5kSeeYclfURBtGi

Подписка на канал - https://www.youtube.com/channel/UCtF3s7V8QTjgrFEDi7JLzLA?sub_confirmation=1",https://i.ytimg.com/vi/5YddVT9xQGE/mqdefault.jpg,5YddVT9xQGE,UCtF3s7V8QTjgrFEDi7JLzLA,"владимир жириновский, владимир жириновский похороны, жириновский, владимир жириновский где похоронен, владимир жириновский прощание, владимир жириновский интервью, владимир жириновский биография, владимир жириновский причина смерти, прощание с владимиром жириновским, жириновский похороны, жириновский владимир, похороны, лдпр жириновский, жириновский умер, владимир вольфович жириновский, жириновский предсказания, жириновский биография, Жириновский предсказал свои похороны",youtube#video,2024-02-17 00:00:00+00:00,ru
Call of Duty: Black Ops 7 | Gameplay Reveal Trailer,Call of Duty,2,6,48,2025-08-21,SE,28134789,40915,27686,"Call of Duty®: Black Ops 7 redefines the franchise with a reality-shattering Co-Op Campaign, adrenaline-fueled Multiplayer across 18 launch maps, and the chilling return of Round-Based Zombies. Embrace the madness and experience the most mind-bending Black Ops yet.",https://i.ytimg.com/vi/9txkGBj_trg/mqdefault.jpg,9txkGBj_trg,UC9YydG57epLqxA9cTzZXSeQ,"call of duty, cod, activision",youtube#video,2025-08-19 00:00:00+00:00,en
GJESTI - VESHU NDREQU (Official Music Video),GJESTI,6,44,44,2025-05-31,MK,764100,36145,2261,"Produced by: Panda Music & Fatjon Miftari 
Written by: Gjesti, Tonic, Denk, Fatjon Miftari, Bannzz
Beat by Fatjon Miftari

Executive Producer: SGM

Directed & Edited by Lukas Holler 
Production: Annex Productions 
Producer: David Amberger 
Director of Photography: Emil Scheichenbauer
1 AC: David Buchrainer 
Gaffer: Tobias Wutschek 
Best Boy: Michael Bachinger 
Set-Design: Daniel Opocensky
Styling: Sophia Friedl 
H&M: Eliana De Camargo 
Vfx: Andrej Timotic 
Colorgrading: Lukas Holler 
Set Photography: Fabian Karner 
Catering: Timo Küsters
Talent: Violeta Maleo

Subscribe to my YouTube channel here: https://360media.lnk.to/subscribegjesti
Turn on the 🔔 to be notified for all the new songs.

► Follow Gjesti 
Instagram: https://www.instagram.com/gjestt
TikTok: https://www.tiktok.com/@gjesti
Spotify: https://open.spotify.com/artist/0aaGmctmnPvISKrprVAtU8?si

Distributed by : 360 Media
____________________________

► Connect with 360 Media
Instagram: https://www.instagram.com/360distribution
TikTok: https://www.tiktok.com/@360_media
Facebook: https://www.facebook.com/360distribution/

____________________________

🎧 Listen to ""ALBANIAN TODAY HITS"" playlist on Spotify
► https://open.spotify.com/playlist/2byqirHnOlSnN6BFADwqJ8?si=e2fdb3bc585d4c11

#gjesti #three60music",https://i.ytimg.com/vi/g5HPVQi7Ldg/mqdefault.jpg,g5HPVQi7Ldg,UCc0-JItbfymx-kY_pzhKzYA,,youtube#video,2025-05-30 00:00:00+00:00,
Please Help Me!!,Alan's Universe,47,-19,3,2025-07-08,EE,8664877,316751,535,,https://i.ytimg.com/vi/v8-I7dlyCXM/mqdefault.jpg,v8-I7dlyCXM,UC5gxP-2QqIh_09djvlm9Xcg,,youtube#video,2025-07-06 00:00:00+00:00,en
"""بحبك يا رجب"" .. مش هتصدق اش اش عملت ايه مع رجب الجريتلي #إش_إش",مي عمر - Mai Omar,18,-14,32,2025-03-10,EG,370900,4321,180,"""بحبك يا رجب"" .. مش هتصدق اش اش عملت ايه مع رجب الجريتلي #إش_إش
جزء من الحلقة السابعة من مسلسل إش إش بطولة النجمة مي عمر
يعرض على قناة MBC فى رمضان 2025

تدور احداث مسلسل "" إش إش ""  ترث إش إش جمال والدتها وفقرها، وتجد نفسها تعمل راقصة رغمًا عنها، ثم تدخل بالصدفة إلى عالم عائلة (آل الجريتلي)، لتكتشف أن حاضرها المأساوي ليس إلا امتدادًا لأسرار عائلية مدفونة لدى هذه العائلة.

طاقم العمل : عصام السقا ,مي عمر , ماجد المصري , هالة صدقي , إدوارد , إنتصار , دينا , طارق النهري , محمد الشرنوبي , علاء مرسي , إيهاب فهمي

إش إش رمضان 2025
ﺗﺄﻟﻴﻒ : محمد سامي
ﺇﺧﺮاﺝ: محمد سامي

القناة الرسمية للفنانة مي عمر
اشترك الأن 
https://2u.pw/OJitkM

follow us on
https://www.facebook.com/Mai.Omar.fans
https://twitter.com/MaiOmar
https://www.instagram.com/maiomar_
https://www.tiktok.com/@maiomar_",https://i.ytimg.com/vi/M7USOovo9qE/mqdefault.jpg,M7USOovo9qE,UCUFl97600a0ukwKbbn0ApdA,"مي, عمر, مي عمر, mai, omar, mai omar, مسلسل مي عمر, الفنانة مي عمر, Actress, Actress Mai Omar, Mai Omar series, مسلسل, إش إش, 2025, ماجد المصري, هالة صدقي, علاء مرسي, Egyptian Series, ‏Ramadan 2025, رمضان 2025, Ish Ish, مسلسل اش اش, مسلسلات رمضان, Esh Esh, Series, drama, egyptian series, entrtainment, Action, نصة, انتصار, ادوارد, عصام السقا, اش اش, مسلسل مي, مسلسل محمد سامي, محمد سامي, مسلسل الرقص, مسلسل الراقصة, الراقصة اش اش, اش اش مي عمر, الحلقة التاسعة, الحلقة 9, نصة واش اش",youtube#video,2025-03-07 00:00:00+00:00,
Job Zoekt Halloween Einde in 99 Nachten In Het Bos... In Roblox!,Dutchtuber,45,-27,5,2025-10-24,BE,95235,3344,185,"Job Zoekt Halloween Einde in 99 Nachten In Het Bos... In Roblox!
Bedankt voor het kijken van deze video!
Abonneer voor meer video's! ↪ http://bit.ly/1ou6dTu

Social media ↪
Twitter : https://twitter.com/Dutchtuber
Instagram : https://www.instagram.com/dutchtuberr/
Snapchat: DutchtuberYT
Facebook: https://www.facebook.com/dutchtuberr

Zakelijke e-mail: dutchtuberzakelijk@gmail.com

Ik scheld niet in mijn filmpjes. Mijn filmpjes zijn bedoelt voor alle leeftijden en zijn volledig familie vriendelijk!",https://i.ytimg.com/vi/6XenLbmyMaY/mqdefault.jpg,6XenLbmyMaY,UCzWgtYoa3X7p8zJk5pEr6ww,"brookhaven, roblox brookhaven, dutchtuber brookhaven, dutchtuber roblox, roblox dutchtuber, brookhaven job, roblox brookhaven dutchtuber, brookhaven dutchtuber roblox, dutchtuber2, dutchtubergaming, dutchtuber job brookhaven, brookhaven rp, brookhaven verhaal, brookhaven geheimen, brookhaven geheim, leuk, grappig, entertainment, amusement, gaming, roblox",youtube#video,2025-10-20 00:00:00+00:00,nl
Normal vs Smokers !! 😱😱😱,Tibo InShape,17,25,33,2024-05-10,RS,5996919,301477,881,"Clique ici pour t'abonner ► http://bit.ly/1qAbjhL & rejoins la TeamShape !
Mes vêtements TeamShape ► http://bit.ly/1wXqeD7 
Mes compléments Inshape Nutrition ►https://bit.ly/2M9v9QV
Mes programmes ►https://bit.ly/2TDimHN

Ecris-moi sur : 
TWITTER : http://bit.ly/1o88uUV
INSTAGRAM : http://bit.ly/1Q4RInr (tiboinshape)
SNAPCHAT : tiboinshape
TIKTOK : tiboinshape
FACEBOOK : http://on.fb.me/1EcbKme
SPOTIFY : Tibo InShape - Motivation (playlist)
TWITCH : TiboInshapeLive

Cadrage : Tone Shoot 
Montage : Clémence Durand
Miniature : Julien Egea

Mon adresse postale : 
""Tibo Inshape
CS 52072
81012 ALBI CEDEX""

Mon e-mail (business uniquement) ► tiboinshapevideo@gmail.com

Si vous lisez cette phrase écrivez « DAAMN » en commentaire !",https://i.ytimg.com/vi/QBnL5h4Mt_Q/mqdefault.jpg,QBnL5h4Mt_Q,UCpWaR3gNAQGsX48cIlQC0qw,"tibo inshape, teamshape",youtube#video,2024-05-07 00:00:00+00:00,fr
Unstable SMP: The Battle for The Great Sea,Wemmbu,12,38,38,2025-12-29,CH,2401540,152622,19267,"the law doesn't cover the great sea

Unstable SMP: The Battle for The Great Sea

Unstable SMP:
➜  @FlameFragsMC 
➜  @Spokeishere 
➜  @ParrotX2  
➜  @wemmbumc 

minor spoilers below

featuring: @LettuceK @JadenMAN 

music from:
https://www.youtube.com/channel/UC9UKPs9ZisfhMJdalnETLRg (tons of the music I use is by AZALI so check him out!) 

orbital cannon designed by: https://www.youtube.com/@cubicmetre (the cannon used in the video is his v6 design, however the actual cannon functions very differently from how it does in this video so please be aware of that)

This is a Minecraft video recorded in the Unstable Universe / Unstable SMP that is staged for story-telling purposes; any more staged videos I upload will have a disclaimer in the description saying that they are also staged. Also, a lot of the game mechanics/glitches/redstone discussed in Unstable SMP videos are unique to the Unstable SMP / Unstable Universe and either will not work the same/do not exist in vanilla Minecraft. 

music also from: official minecraft soundtrack, official elder scrolls soundtracks, official enderal soundtrack, epidemic sound (https://www.epidemicsound.com), storyblocks (https://www.storyblocks.com), artlist (https://artlist.io), soundstripe (https://www.soundstripe.com), fesliyan studios (https://www.fesliyanstudios.com/royalty-free-music), and envato (https://elements.envato.com/)

Enderal Soundtrack (HQ): Bone Hunter - Knochenjäger https://youtu.be/LchGhXSXxZk by Marvin Kopp, licensed under CC BY 4.0 https://creativecommons.org/licenses/by/4.0/

Enderal Soundtrack (HQ): Prophet https://youtu.be/9FKdTsG-j8Q by Marvin Kopp, licensed under CC BY 4.0 https://creativecommons.org/licenses/by/4.0/

Enderal Soundtrack (HQ): In the Twilight https://youtu.be/pkyHJiUCMi4 by Marvin Kopp, licensed under CC BY 4.0 https://creativecommons.org/licenses/by/4.0/

we wa we wa",https://i.ytimg.com/vi/s0UdN6baK2c/mqdefault.jpg,s0UdN6baK2c,UCkzzNLnuM-VsATWC53ehwOQ,,youtube#video,2025-12-28 00:00:00+00:00,en-US
運兵車估價！二手車用原價收購？@good_car #運兵車 #二手車 #估價 #阿慈車庫 #K大 #foryou #short #reels,KEVIn大大,40,-13,-31,2025-03-05,TW,561201,9079,43,"KEVIn大大 FB  :  https://reurl.cc/EZ8vLA
KEVIn大大 IG   :  https://reurl.cc/GbjxYZ
K-WAX FB :  https://reurl.cc/Rbnomn
猛牛俱樂部 FB : https://pse.is/3md26v",https://i.ytimg.com/vi/xatmyQ9AkKU/mqdefault.jpg,xatmyQ9AkKU,UCdDZwOjKtDAxgY3J6iL72_A,"洗車, K-WAX 汽車美容, 專業製造, 奈米科技, 鍍膜, 棕櫚蠟, 固蠟 乳蠟, 鍍膜服務, OEM, ODM, kwax, 汽車鍍膜, 凱閎, 凱閎國際, 凱閎國際有限公司, 車體鍍膜, 車體美容, 拋光, 打蠟, 汽車蠟, 海神, 幽靈 玻璃, 鍍膜劑, 水鍍膜, awa, 車蠟職人, olima, 維護劑, 結晶封體, 鍍膜維護劑, 皮革乳, 皮革油, 皮革, 皮革保養, 內裝保養, 內裝, 清潔劑, 鐵粉, 柏油, 鋼圈, 汽車, 機車, 燃油, 油膜, waxup, 雨刷, 玻璃鍍膜, 海綿, 車蠟, 幽靈棕櫚蠟, 打蠟海綿, 保養, 總代理, 買車, 改裝車, 超跑, 跑車, 國產車, 電動車, 貼膜, 烤漆, 犀牛皮, 輪圈, 保時捷, 賓士, BENZ, BMW, 寶馬",youtube#video,2025-02-25 00:00:00+00:00,zh-TW
Twin Telepathy Challenge!,Stokes Twins,11,11,39,2024-11-16,SK,50333881,1433484,2516,Subscribe ❤️,https://i.ytimg.com/vi/fZqoF_jpCZQ/mqdefault.jpg,fZqoF_jpCZQ,UCbp9MyKCTEww4CxEzc_Tp0Q,"Stokes twins, Mrbeast, Fede, mark rober, Airrack, Ryan Trahan, Dhar mann, Royalty family, Jordan matter, Unspeakable, Preston, Ben azelart, Brent Rivera, Jeremy Hutchins, Lexi Rivera, Amp",youtube#video,2024-11-13 00:00:00+00:00,en-US
亀梨和也 - The truth [Official Music Video],Storm Labels Official,16,34,34,2025-08-21,JP,34852,0,470,"2025.08.20 (Wed) Release
DIGITAL SINGLE 「The truth」
https://Kazuya-Kamenashi.lnk.to/ThetruthYT

・日本テレビ系「Going! Sports&News」15周年テーマソング
・日本テレビ系プロ野球中継「DRAMATIC BASEBALL 2025」イメージソング

▼「The truth」 / 「Kame Best」 リリース特設サイト
https://kazuya-kamenashi-st.com/

▼亀梨和也 STAFF 公式X
https://twitter.com/Kame_staff

▼亀梨和也
YouTube https://www.youtube.com/@k_kamenashi_23
Instagram https://www.instagram.com/k_kamenashi_23/
X https://twitter.com/k_kameofficial
OFFICIAL SITE https://kazuya-kamenashi.com/
FANCLUB https://kazuya-kamenashi.com/s/223fc/

#亀梨和也 #Thetruth",https://i.ytimg.com/vi/gjRY9mSw244/mqdefault.jpg,gjRY9mSw244,UCruUAAgi8FPOEhV_6nxD0ew,"亀梨和也, KazuyaKamenashi, KAT-TUN, Thetruth, KameBest, Going, DRAMATICBASEBALL, Storm Labels, ストームレーベルズ",youtube#video,2025-08-20 00:00:00+00:00,ja
Trick EXPOSED! 👀🩰🫢 | Triple Charm #Shorts,Triple Charm,28,1,22,2024-03-30,FI,3751070,222563,499,,https://i.ytimg.com/vi/OR5OtJ7eU9E/mqdefault.jpg,OR5OtJ7eU9E,UCVVMMNVUwHbxljqi-xZ-jig,,youtube#video,2024-03-26 00:00:00+00:00,
PRO SNEAKING MAKE UP INTO SCHOOL! 💄 #shorts #makeup #school,One More,37,4,-5,2023-12-09,ZA,72604725,1622669,1461,PRO SNEAKING MAKE UP INTO SCHOOL! 💄,https://i.ytimg.com/vi/VaSAvy-mYyA/mqdefault.jpg,VaSAvy-mYyA,UCFcG7cgOd2ePKx--kPft7Kg,"shorts, lipstick, magic, make up, school, security, pro",youtube#video,2023-11-22 00:00:00+00:00,en-US
GTA6 могут снова перенести || VR ВСЁ || Бесконечное Лето 2,Restart,39,11,11,2026-01-18,RU,68787,5734,563,"Монитор MSI на все 300 герц - https://msi.gm/S1999161

Реклама. ООО ""ЭмЭсАй Компьютер"". ИНН 7715777310. erid: 2VtzquvV5vT
_______________________________
Коврики RESTART
OZON - https://ozon.ru/t/dQKnbSy
WB - https://www.wildberries.ru/catalog/498851882/detail.aspx?targetUrl=SN
Яндекс - https://market.yandex.ru/cc/8YrbBc

Реклама. ООО ""Диджитал"". ИНН 7810383851. erid: 2VtzqvsjTwh
_______________________________
Телега - https://t.me/ilya_commander

Бусти - https://boosty.to/ilya_commander
Патреон - https://www.patreon.com/ilya_commander

По вопросам рекламы - restart@topbro.ru 
Или телеграмм - https://t.me/Neznanov_Igor
По сотрудничеству - zhironkin.ilya@gmail.com

Так же моё:
Второй канал - https://www.youtube.com/@ilya_gaymer
Мультики - https://www.youtube.com/@ilya_commander

00:00 - C новым годом?
00:17 - GTA6 снова переносят
05:42 - Бесконечное Лето 2
10:34 - Microsoft и ИИ
16:13 - DLSS 4.5
19:38 - META закрывает студии
22:56 - Anthem закрыт
26:13 - GOG продали
28:13 - Code Violet
29:16 - Pathologic 3",https://i.ytimg.com/vi/AlSIJ0_Ypkk/mqdefault.jpg,AlSIJ0_Ypkk,UCsvsmFQ8eFRx5v6cdmuYBsg,"коммандер, рестарт, геймплей, прохождение, gta 6, шраер, 2026, перенос, meta quest 3, бесконечное лето, ритан, совёнок, ps5, chatgpt, нейронки, open ai, nvidia, dlss 4.5, ces 2026, anthem, code violet",youtube#video,2026-01-17 00:00:00+00:00,ru
جاوبنا علي ١٨ سؤال عن حياتنا في الهند 🇮🇳 تفاصيل أول مرة نقولها 🫢,Afzal & Yasmine مصرية و هندي,20,2,30,2025-04-17,JO,197704,11546,1229,"جاوبنا علي ١٨ سؤال أكتر اسألة بتسألوها عن حياتنا في الهند 🇮🇳 تفاصيل أول مرة نقولها 🫢

تابعونا و اعرفوا اكتر عننا علي:

Yasmine Instagram : https://www.instagram.com/afdalyasmine/
Afzal Instagram : https://www.instagram.com/afzal_hindi/
Facebook : https://www.facebook.com/Afzalyasmine
#افضل_و_ياسمين
#مصرية_و_هندي
Hi everyone this is Afzal and Yasmine, we make videos based on our lifestyle in india and egypt, our cultural, traditional and language differences based on two different countries, promoting modest lifestyle",https://i.ytimg.com/vi/j6cvz_4_Hec/mqdefault.jpg,j6cvz_4_Hec,UCKy8DynaCnVYuuWivxa7-Pg,"India and Egypt, India with Egypt, Indian and Egyptian, India Egypt, Afzal and Yasmine, Afzalyasmine, Indian Culture, Indian Food, India in Arabic, Egyptian in India, مصرية بالهند, عبير مغربية في الهند, مصرية في الهند, الهند, مسلمين الهند, الهند بالعربي, سؤال و جواب, بيت العيلة, اسألة, مصر و الهند, حياة زوجية, مساوئ بيت العيلة, عائلي, محتوي عائلي",youtube#video,2025-04-14 00:00:00+00:00,ar
I didn’t expect that #kindness #help #respect #heroic #leohoangviet,Leo Hoang Viet,14,36,36,2025-01-26,RU,1152637,17577,70,,https://i.ytimg.com/vi/HfF3av9Abbw/mqdefault.jpg,HfF3av9Abbw,UCSXLMWUwB9zhAEAFUvVGweA,,youtube#video,2025-01-22 00:00:00+00:00,en-US
Give plastic a new life!♻️ Recycled beanie project 💙 #ecofriendly,Wood Mood,26,-6,5,2024-05-03,GH,50444916,1731206,11103,"This activity is performed by actors in a controlled environment. Please use caution if you plan to replicate.

#craft #woodmood",https://i.ytimg.com/vi/951YqVipehk/mqdefault.jpg,951YqVipehk,UCO5gl04EhuLl4d6HZMQdg0A,,youtube#video,2024-04-16 00:00:00+00:00,
"Yubeili - ""El Amor De Mi Vida"" ft Alka Produce (Video Oficial)",Yubeili,43,7,7,2025-09-27,MX,24325,3585,504,"El amor de mi vida, de mi vida, ya se ha ido... 

REDES SOCIALES:
Spotify: https://open.spotify.com/intl-es/artist/4Fsv1gBjfqSyhzAPbhInXV?si=ubg5lj2RR8KEC18Q7xmqYw
Tiktok: https://www.tiktok.com/@omaryubeili
Instagram: https://www.instagram.com/omaryubeili/",https://i.ytimg.com/vi/oDwNFrvZmXc/mqdefault.jpg,oDwNFrvZmXc,UCF-HW8ro1btusJ-VoCaLbkQ,"yubeili, omar yubeili, yubeili lo intente, yubeli lo intente, lo intente aunque te daba todo pa ti no era suficiente, yubeili lo prometo, te lo prometo ya estoy a casi nada de poderte superar, yubeili te me caiste, no me pidas que seamos amigos si hay otro a tu lado, yubeili diles, alka produce, yubeili bendicion, el amor de mi vida de mi vida ya se ha ido, ldcr yubeili, yubeili te vas asi",youtube#video,2025-09-27 00:00:00+00:00,es-419
Goodland | Banana operation with a saw 😂 #goodland #Fruitsurgery #doodles #doodlesart #goodlandshort,GOODLAND,42,-34,8,2024-02-28,BE,43766299,731148,601,"Funny Doodles: https://clck.ru/qZCAU
Don't forget to subscribe and turn on notification bell: https://clck.ru/qZD8f

Funny doodles will help you relax. Funny videos about doodles in real life will tell about the
adventures of fruits in the fridge, the pranks of vegetables and the secret life of things. The
animation of the GOODLAND channel will allow you to learn the stories of talking fruits, see epic
fails, find out what your things do when you are not at home. Cute doodles will cheer you up even
on bad days. You are amazing, but even simple things can be fun with a little imagination. If you
want to see more videos about doodles in real life, popular series, movies and games, then subscribe
to my channel! Happy viewing!

#animation #goodlandshorts #doodles",https://i.ytimg.com/vi/mIOk5pvgaRQ/mqdefault.jpg,mIOk5pvgaRQ,UCsvAmubKx86Js7qxjZOol2g,"goodland, doodles, doodle, woa doodles, doodle jump, doodle god, face animation, video baby, doodle mundo, doodles life, life doodles, doodland, funny, funny videos, cartoon, animation, tiktok, shorts, pranks, talking fruits, goodland shorts, #Fruitsurgery, Fruitsurgery, Operation, Sausage, goodlandshorts, youtube shorts, LİFEHACK",youtube#video,2024-02-18 00:00:00+00:00,en-US
This rom-com has the plot of a horror movie,Drew Gooden,37,-27,13,2024-10-28,PG,1554656,105709,5201,"🌏 Get Exclusive NordVPN deal + 4 months extra here → https://nordvpn.com/gooden. It’s risk-free with Nord’s 30-day money-back guarantee! ✌️ Thanks to NordVPN for sponsoring this video.

GET MY NEW YOUTOOZ FOR A LIMITED TIME → https://youtooz.com/collections/drew-gooden

follow Amanda on Instagram:
https://www.instagram.com/amandaclairephoto/

merch:
https://www.drewgoodenshop.com/

follow me:
twitter - https://www.twitter.com/drewisgooden
instagram - https://www.instagram.com/drewisgooden",https://i.ytimg.com/vi/Fy5BMlwlh4o/mqdefault.jpg,Fy5BMlwlh4o,UCTSRIY3GLFYIpkR2QwyeklA,"drew gooden, comedy, commentary, reaction, vine, drew gooden vine, road work ahead guy, parody, rant, cringe",youtube#video,2024-10-25 00:00:00+00:00,en
ΤΟ ΣΩΣΤΟ ΒΟΥΡΤΣΙΣΜΑ ΤΩΝ ΔΟΝΤΙΩΝ ΜΕ CURAPROX !!!,PanosDent,2,0,48,2023-12-12,GR,299378,20435,192,,https://i.ytimg.com/vi/YcSGtmrbwfY/mqdefault.jpg,YcSGtmrbwfY,UC9gd8LrSHjbBKoqxURFUTsg,,youtube#video,2023-12-06 00:00:00+00:00,
พบกับ ปอนด์ ภูวินทร์ บอนนี่ เอส กับ Official Trailer มีสติหน่อยคุณธีร์ Me and Thee  | หนังหน้าโรง,หนังหน้าโรง,20,-9,30,2025-11-12,TH,63830,4091,192,"มาเป็นสมาชิกช่องกับพวกเรา สมัครง่ายๆคลิกเลย 
https://www.youtube.com/channel/UCjes410ugtg9BT8QeMSVX7g/join

ติดต่องาน For Work  :  LINE ID : TLE371
หรือ worknnrwork@gmail.com",https://i.ytimg.com/vi/sYLhOuB6SI0/mqdefault.jpg,sYLhOuB6SI0,UCjes410ugtg9BT8QeMSVX7g,"มีสติหน่อยคุณธีร์, Me and Thee",youtube#video,2025-11-09 00:00:00+00:00,th
"Stray Kids ""Do It"" M/V",JYP Entertainment,4,29,1,2025-11-28,FI,32510685,1372570,134410,"Stray Kids(스트레이 키즈) ""Do It"" M/V

Listen to ""DO IT"" now☁️
https://Stray-Kids.lnk.to/DOIT

Stray Kids ""DO IT""
iTunes & Apple Music: https://Stray-Kids.lnk.to/DOIT/AppleMusic
Spotify: https://Stray-Kids.lnk.to/DOIT/Spotify

Stray Kids Official YouTube: https://www.youtube.com/c/StrayKids
Stray Kids Official Twitter: https://twitter.com/Stray_Kids
Stray Kids Official Instagram: https://www.instagram.com/realstraykids/
Stray Kids Official TikTok: https://www.tiktok.com/@jypestraykids
Stray Kids Official Facebook: https://www.facebook.com/JYPEStrayKids/
Stray Kids Official Threads: https://www.threads.com/@realstraykids
Stray Kids Official FANS (Android) https://play.google.com/store/apps/details?id=com.jype.fans
Stray Kids Official FANS (iOS) https://apps.apple.com/app/fans-for-fans-artists/id6474999628

#StrayKids #스트레이키즈
#DO_IT
#SKZ_IT_TAPE
#Do_It
#신선놀음 #DIVINE
#StrayKidsComeback
#YouMakeStrayKidsStay

Copyrights 2025 ⓒ JYP Entertainment. All Rights Reserved.",https://i.ytimg.com/vi/NED7nev2ywQ/mqdefault.jpg,NED7nev2ywQ,UCaO6TYtlC8U5ttz62hTrZgg,"JYP Entertainment, JYP, Stray Kids, 스트레이 키즈, SKZ, 스키즈, 방찬, BANG CHAN, 리노, LEE KNOW, 창빈, CHANGBIN, 현진, 황현진, HYUNJIN, 한, 한지성, HAN, 필릭스, FELIX, 용복, 승민, 김승민, SEUNGMIN, 아이엔, I.N, stray kids comeback, 스트레이 키즈 컴백, 스키즈 컴백, skz comeback, skz, 스키즈 티저, SKZ DO IT, stray kids do it, skz it tape, skz mv, skz music video, 스키즈 뮤비, 스키즈 두잇 뮤비, 두잇 뮤비, do it mv, 스키즈 두잇, 두잇 뮤직비디오, 스트레이 키즈 뮤비, stray kids music video, skz do it, 스트레이 키즈 뮤직비디오, 두잇 티저, 스키즈 두잇 티저, do it teaser, skz do it teaser, do it mv teaser",youtube#video,2025-11-21 00:00:00+00:00,ko
تحدي اكتشاف كوكب اللافا ضد كوكب الماء في قرية ماين كرافت !!؟,PMN Extra,47,-4,3,2024-05-17,OM,397293,22531,605,"ماين كرافت , لعبة منوعات و مغامرات ! يوجد فيها العديد من المودات و الالعاب
حساباتي على السوشيال ميديا :
https://alfan.link/pmn
► للإعلانات التجاريه الرجاء التواصل على الإيميل :
akrampmn@gmail.com
#نحبكم
#بيامان
#ماين_كرافت
تحديات بي ام ان, قصة, ماينكرافت, فلم ماين كرافت, Minecraft",https://i.ytimg.com/vi/x5LgPofwbrw/mqdefault.jpg,x5LgPofwbrw,UCVgZpLI9weAUFk9Y3OOtdyg,,youtube#video,2024-05-12 00:00:00+00:00,ar
Закон тайги | 1 сезон | 7 серия | И еще немного любви,Лучшие детективы,33,-24,17,2024-06-11,UA,806967,6807,495,"Устюжанин на лесной дороге подбирает парня и девушку, которые еду в гости к дяде Алишеру. В Веселуху приезжают вооруженные родственники беглецов, так как девушку собирались выдать замуж за другого. Жизни Джураева и его жены грозит смертельная опасность.",https://i.ytimg.com/vi/uXAh5bYRLgQ/mqdefault.jpg,uXAh5bYRLgQ,UC-HaH-PHzVVw9g-mn8mroBQ,,youtube#video,2024-06-10 00:00:00+00:00,
Nunca pensé probar Esperma de Pescado | Vlog Japón | La Capital,La Capital,36,9,14,2024-04-29,PA,1299092,63477,1480,"Contacto directo: oscarlacapital@gmail.com
—————————————————————————————
Instagram: https://www.instagram.com/oscarmezar
Facebook: https://www.facebook.com/lacapitalcocina
Mi Carnicería: http://www.yanagiya.mx
—————————————————————————————
Mi Equipo: 
Mi cámara: https://amzn.to/4444hXZ
Lente: https://amzn.to/3ppNnnC",https://i.ytimg.com/vi/mMAD9g9xivo/mqdefault.jpg,mMAD9g9xivo,UCEwl20VxZ3AwOgiKMZtI1GQ,"la capital, vlog japon, viaje japon, guia tokio, tokyo food, oscar meza, sushi, ramen japones, comida exotica",youtube#video,2024-04-22 00:00:00+00:00,en-US
ادهم وميادة كانوا متجوزين 😱#سيد_الناس, Amr Saad - عمرو سعد ,36,1,14,2025-03-26,JO,602479,8189,239,"ادهم وميادة كانوا متجوزين 😱#سيد_الناس

تدور أحداث المسلسل ضمن إطار اجتماعي مشوق، فبعد وفاة والد جارحي، تنقلب حياة (جارحي) ويجسد شخصيته عمرو سعد تمامًا حيث يجد نفسه أمام مفتاح غامض وثروة ضخمة وماضٍ مظلم، ومحاط بخصوم وأعداء لا يرحمون، ويتوجب عليه أن يخوض العديد من الصراعات المحفوفة بالمخاطر لحماية عائلته وإرثه. ﺇﺧﺮاﺝ: محمد سامي طاقم العمل: عمرو سعد  أحمد زاهر  خالد الصاوي  عماد زيادة  إلهام شاهين
#سيد_الناس

#مسلسل_سيد_الناس  #مسلسلات_رمضان2025 #العتاوله #دراما_رمضانية

-----------
#عمرو_سعد
تابع الحسابات الرسمية للفنان عمرو سعد 
فيسبوك  : https://www.facebook.com/AmrSaad.official
انستجرام : https://www.instagram.com/amrsaad.official
اكس : https://x.com/AmrSaad""",https://i.ytimg.com/vi/-Ar14tC2px4/mqdefault.jpg,-Ar14tC2px4,UCmuAubqzRyRfWevbTHdkOsA,"مسلسل سيد الناس, اعلان مسلسل سيد الناس, مسلسل سيد الناس رمضان 2025, سيد الناس, مسلسل سيد الناس عمرو سعد, عمرو سعد, اعلان مسلسل سيد الناس رمضان 2025, سيد الناس عمرو سعد, قصة مسلسل سيد الناس عمرو سعد, قصة مسلسل سيد الناس رمضان 2025, ابطال مسلسل سيد الناس رمضان 2025, مسلسل عمرو سعد, ابطال مسلسل سيد الناس, إعلان مسلسل سيد الناس, تفاصيل مسلسل سيد الناس, اعلان مسلسل سيد الناس في رمضان, احداث مسلسل سيد الناس رمضان 2025, تفاصيل مسلسل سيد الناس رمضان 2025, برومو مسلسل سيد الناس",youtube#video,2025-03-19 00:00:00+00:00,ar
Too late,Alina Saito / 斎藤アリーナ,1,4,49,2025-04-01,KE,147376349,2044123,2043,,https://i.ytimg.com/vi/TTVbph1KLG8/mqdefault.jpg,TTVbph1KLG8,UC2zaij4gdFjQ1gUeYB6tyIA,,youtube#video,2025-03-24 00:00:00+00:00,
Dekhlenge Saala Lyrical Video | Ustaad Bhagat Singh | Pawan Kalyan | Harish Shankar| Devi Sri Prasad,Sony Music South,13,23,37,2025-12-16,KW,23637012,550197,10997,"Movie - Ustaad Bhagat Singh
Cast: Pawan Kalyan, Sreeleela & Others
Song - Dekhlenge Saala
Sung by Vishal Dadlani
Lyrics Baskarabatla
Music by Rockstar Devi Sri Prasad

Technical Crew:
Written-Directed by : Harish Shankar. S
Producers : Naveen Yerneni, Ravi Shankar Yalamanchili
Music : Devi Sri Prasad
Screenplay : K Dasharath, Ramesh Reddy
Additional writing : Praveen Varma and Chandramohan.

DOP : Ayananka Bose
Editing : Karthika Srinivas
Choreographer : Dinesh Master
Production Designer : Anand Sai
CEO : Cherry
Chief Executive Producer : Dinesh Narasimhan
Creative Producer : Harish Pai
Fights : Ram Laxman
Marketing : First Show
Video composition - Walls & Trends

MUSIC CREDITS
SONG: Dekhlenge Saala
SINGER: Vishal Dadlani, Haripriya
Lyrics: Bharkara Bhatla
Keyboards: Vikas Badisa, KP & Ravi Krishnan
Rhythm: Kalyan
Big Band Brass and Woodwinds Performed by Budapest Scoring Orchestra
Recording Studio - Rottenbiller Hall
Conductor: Zoltán Pad
Session producer: Bálint Sapszon
Orchestra Indian Representative: Balasubramanian G & Sanjay R A
Recording Engineer: Viktor Szabo
Studio assistant: Marcell Rokosz
Librarian: Ágnes Sapszon & Kati Reti
Song Mixed & Mastered by A. Uday Kumar @ ""DSP Studios - Chennai
Song Recorded byA. Uday Kumar,T. Uday Kumar & Suresh Kumar Taddi
Vocal Supervision: S.P. ABHISHEK 
Orchestra In-Charge: Murugan 
Studio Asst: Pugalendhi, Bharat & V Dhinakaran
Album Co-ordinator:B. Manikandan

Music Label - Sony Music India Pvt. Ltd.

© 2025 Sony Music Entertainment India Pvt. Ltd.

Subscribe Now: http://bit.ly/SonyMusicSouthVevo
Subscribe Now: http://bit.ly/SonyMusicSouthYT
Follow us: https://www.instagram.com/sonymusic_south/
Follow us: Twitter: https://twitter.com/SonyMusicSouth
Like us: Facebook: https://www.facebook.com/SonyMusicSouth
Join our WhatsApp broadcast channel https://whatsapp.com/channel/0029VaAThD53GJOwZNFUJZ3B
Join Our Instagram broadcast channel https://ig.me/j/Abal-auA3Y5L6OtV/",https://i.ytimg.com/vi/hcNVG7JCxoE/mqdefault.jpg,hcNVG7JCxoE,UCn4rEMqKtwBQ6-oEwbd4PcA,"Sony Music South, Sony Music, Latest Song, Tamil song, Tamil Latest Song, Latest songs in Tamil4, Songs in Tamil, Latest Tamil Movies, Tamil Movie Songs, Latest Video Songs Tamil, latest Tamil Love Songs, Latest Tamil Hit Songs, Songs in Telugu4, Telugu Movie Songs, Video Songs Telugu, new Telugu Songs",youtube#video,2025-12-13 00:00:00+00:00,en-IN
Amazing weight loss transformation !! 😱😱,Tibo InShape,47,-29,3,2024-07-22,TW,24231604,1202881,3248,"Clique ici pour t'abonner ► http://bit.ly/1qAbjhL & rejoins la TeamShape !
Mes vêtements TeamShape ► http://bit.ly/1wXqeD7 
Mes compléments Inshape Nutrition ►https://bit.ly/2M9v9QV
Mes programmes ►https://bit.ly/2TDimHN

Ecris-moi sur : 
TWITTER : http://bit.ly/1o88uUV
INSTAGRAM : http://bit.ly/1Q4RInr (tiboinshape)
SNAPCHAT : tiboinshape
TIKTOK : tiboinshape
FACEBOOK : http://on.fb.me/1EcbKme
SPOTIFY : Tibo InShape - Motivation (playlist)
TWITCH : TiboInshapeLive

Cadrage : Tone Shoot 
Montage : Clémence Durand
Miniature : Julien Egea

Mon adresse postale : 
""Tibo Inshape
CS 52072
81012 ALBI CEDEX""

Mon e-mail (business uniquement) ► tiboinshapevideo@gmail.com

Si vous lisez cette phrase écrivez « DAAMN » en commentaire !",https://i.ytimg.com/vi/G4nKXisgxfg/mqdefault.jpg,G4nKXisgxfg,UCpWaR3gNAQGsX48cIlQC0qw,"tibo inshape, teamshape",youtube#video,2024-07-18 00:00:00+00:00,fr
KURTZMAN IS A FRAUD – 'Star Trek: Starfleet Academy' Trailer Reaction,Nerdrotic Daily,23,27,27,2025-07-29,GB,60953,6842,1839,"FULL LIVESTREAM: https://youtu.be/au9TuIyt8Ac
#Paramount #StarTrek #StarfleetAcademy",https://i.ytimg.com/vi/oi0A9iATdLc/mqdefault.jpg,oi0A9iATdLc,UCRCraKP10Q5fSAbCimkizIA,"Paramount+, Alex Kurtzman, Gene Roddenberry, Sonequa Martin-Green, Doug Jones, Anson Mount, Tig Notaro, Jeff Russo, Michael Burnham, Saru, Christopher Pike, J J Abrams, Spock, James T Kirk, Worf, Riker, Crusher, LaForge, Data, Borg, Anthony Rapp, Strange New Worlds, Klingon, Star Trek Section 31, Picard Season 3, Terry Matalas, Star Trek Discovery, Lower Decks, Holly Hunter, Tatiana Maslany, Paul Giamatti, Tig Notaro Jett Reno, Female Jem'hadar, Fat Black Woman, Enterprise D",youtube#video,2025-07-28 00:00:00+00:00,en-US
